{
  "slug": "wysiwyg-editor",
  "name": "WYSIWYG Editor",
  "version": "1.1.0",
  "author": "ROICT",
  "description": "Voegt een visuele WYSIWYG rich-text editor toe aan alle content-tekstvakken in het admin paneel. Gebaseerd op Quill.js (open source, MIT). Werkt automatisch op pagina- en nieuwsberichten. De afbeeldingsknop opent de interne media manager in plaats van een upload-dialoog.",
  "category": "Editor",
  "icon": "pencil-square",
  "requires_php": "8.0",
  "hooks": ["admin_head", "admin_footer"]
}
